path	exists	size_bytes	modified_time
agent/context/builder.py	no	-	-
agent/context/compressor.py	no	-	-
agent/context/gatherer.py	no	-	-
agent/context/selector.py	no	-	-
agent/context/structurer.py	no	-	-
agent/context/schemas.py	no	-	-
agent/context/context_builder.py	yes	17166	2026-07-21 12:01:25.909498900 +0800
agent/context/planner_context_factory.py	yes	4270	2026-07-21 12:01:25.957178300 +0800
agent/context/tool_context_factory.py	yes	1511	2026-07-21 12:01:25.989308900 +0800
agent/context/observer_context_factory.py	yes	1840	2026-07-21 12:01:25.941631800 +0800
agent/context/reporter_context_factory.py	yes	1238	2026-07-21 12:01:25.973956900 +0800
agent/context/token_budget.py	yes	1152	2026-07-20 23:35:22.374393700 +0800
agent/memory/legacy.py	no	-	-
agent/memory/memory_manager.py	yes	13165	2026-07-21 12:01:26.058035900 +0800
agent/memory/memory_context_selector.py	yes	12078	2026-07-20 23:35:22.560857400 +0800
agent/memory/memory_retrieval_types.py	yes	3497	2026-07-21 12:01:26.104955200 +0800
agent/executor.py	yes	207597	2026-07-21 12:01:25.884983000 +0800
